variable,value,unit,year,source_or_status,notes
population,10605529,people,2025,Statistics Sweden,"registered population at year end"
employed_15_74,5263000,people,2025,Statistics Sweden,"LFS estimate"
actual_hours_week,156100000,hours/week,2025,Statistics Sweden,"average actual hours worked"
actual_hours_year,8117200000,hours/year,2025,derived,"156.1 million × 52"
actual_hours_per_capita_year,765.4,hours/person/year,2025,derived,"annual actual hours / population"
food_energy_supply,3100,kcal/person/day,2024,Jordbruksverket,"food supply before household and food-service waste"
food_energy_supply_total,12000156063500,kcal/year,2024,derived,"3100 × 365 × population"
electricity_production,169.3,TWh/year,2024,Swedish Energy Agency,"domestic electricity production"
electricity_consumption,125.3,TWh/year,2024,Swedish Energy Agency,"final consumption excluding losses"
basic_standard,TBD,scenario,TBD,assumption,"define food, housing, health, transport and services"
working_week_scenario_1,40,hours/week,TBD,assumption,"full-time comparison"
working_week_scenario_2,30,hours/week,TBD,assumption,"reduced working week"
working_week_scenario_3,20,hours/week,TBD,assumption,"low working week"
